-- phpMyAdmin SQL Dump
-- version 4.0.8
-- http://www.phpmyadmin.net
--
-- Client: mysql.imerir.com
-- Généré le: Mer 18 Novembre 2015 à 19:14
-- Version du serveur: 5.1.73
-- Version de PHP: 5.3.3

SET SQL_MODE = "NO_AUTO_VALUE_ON_ZERO";
SET time_zone = "+00:00";

--
-- Base de données: `parcevaux3a05`
--

-- --------------------------------------------------------

--
-- Structure de la table `BELBIN`
--

CREATE TABLE IF NOT EXISTS `BELBIN` (
  `id` int(11) NOT NULL AUTO_INCREMENT,
  `name` text NOT NULL,
  PRIMARY KEY (`id`)
) ENGINE=MyISAM  DEFAULT CHARSET=latin1 AUTO_INCREMENT=9 ;

--
-- Contenu de la table `BELBIN`
--

INSERT INTO `BELBIN` (`id`, `name`) VALUES
(1, 'Organisateur'),
(2, 'President'),
(3, 'Faiseur'),
(4, 'Creatif'),
(5, 'Eclaireur'),
(6, 'Evaluateur'),
(7, 'Coequipier'),
(8, 'Finisseur');

-- --------------------------------------------------------

--
-- Structure de la table `GROUP`
--

CREATE TABLE IF NOT EXISTS `GROUP` (
  `id` int(11) NOT NULL AUTO_INCREMENT,
  `project_id` int(11) NOT NULL,
  `name` text NOT NULL,
  PRIMARY KEY (`id`)
) ENGINE=MyISAM  DEFAULT CHARSET=latin1 AUTO_INCREMENT=41 ;

--
-- Contenu de la table `GROUP`
--

INSERT INTO `GROUP` (`id`, `project_id`, `name`) VALUES
(36, 1, 'Group1'),
(37, 1, 'Group2'),
(38, 1, 'Group3'),
(39, 1, 'Group4'),
(40, 1, 'Group5');

-- --------------------------------------------------------

--
-- Structure de la table `PROJECT`
--

CREATE TABLE IF NOT EXISTS `PROJECT` (
  `id` int(11) NOT NULL AUTO_INCREMENT,
  `name` text NOT NULL,
  PRIMARY KEY (`id`)
) ENGINE=MyISAM  DEFAULT CHARSET=latin1 AUTO_INCREMENT=3 ;

--
-- Contenu de la table `PROJECT`
--

INSERT INTO `PROJECT` (`id`, `name`) VALUES
(1, 'Management'),
(2, 'project');

-- --------------------------------------------------------

--
-- Structure de la table `SKILL`
--

CREATE TABLE IF NOT EXISTS `SKILL` (
  `id` int(11) NOT NULL AUTO_INCREMENT,
  `name` text NOT NULL,
  PRIMARY KEY (`id`)
) ENGINE=MyISAM  DEFAULT CHARSET=latin1 AUTO_INCREMENT=6 ;

--
-- Contenu de la table `SKILL`
--

INSERT INTO `SKILL` (`id`, `name`) VALUES
(1, 'Web'),
(2, 'BDD'),
(3, 'Programmation'),
(4, 'Metier'),
(5, 'Marketing');

-- --------------------------------------------------------

--
-- Structure de la table `USER`
--

CREATE TABLE IF NOT EXISTS `USER` (
  `id` int(11) NOT NULL AUTO_INCREMENT,
  `name` text COLLATE latin1_general_ci NOT NULL,
  `nickname` text COLLATE latin1_general_ci NOT NULL,
  `mail` text COLLATE latin1_general_ci NOT NULL,
  `password` text COLLATE latin1_general_ci NOT NULL,
  `admin` tinyint(1) NOT NULL DEFAULT '0',
  `profil` tinyint(4) NOT NULL,
  PRIMARY KEY (`id`)
) ENGINE=MyISAM  DEFAULT CHARSET=latin1 COLLATE=latin1_general_ci AUTO_INCREMENT=497 ;

--
-- Contenu de la table `USER`
--

INSERT INTO `USER` (`id`, `name`, `nickname`, `mail`, `password`, `admin`, `profil`) VALUES
(0, 'Denet', 'Laurent', 'directeur@imerir.com', 'imerir', 1, 1),
(396, 'EtudiantName1', 'EtudiantNickname1', 'etudiant1@imerir.com', 'password1', 0, 1),
(397, 'EtudiantName2', 'EtudiantNickname2', 'etudiant2@imerir.com', 'password2', 0, 1),
(398, 'EtudiantName3', 'EtudiantNickname3', 'etudiant3@imerir.com', 'password3', 0, 1),
(399, 'EtudiantName4', 'EtudiantNickname4', 'etudiant4@imerir.com', 'password4', 0, 1),
(400, 'EtudiantName5', 'EtudiantNickname5', 'etudiant5@imerir.com', 'password5', 0, 1),
(401, 'EtudiantName6', 'EtudiantNickname6', 'etudiant6@imerir.com', 'password6', 0, 1),
(402, 'EtudiantName7', 'EtudiantNickname7', 'etudiant7@imerir.com', 'password7', 0, 1),
(403, 'EtudiantName8', 'EtudiantNickname8', 'etudiant8@imerir.com', 'password8', 0, 1),
(404, 'EtudiantName9', 'EtudiantNickname9', 'etudiant9@imerir.com', 'password9', 0, 1),
(405, 'EtudiantName10', 'EtudiantNickname10', 'etudiant10@imerir.com', 'password10', 0, 1),
(406, 'EtudiantName11', 'EtudiantNickname11', 'etudiant11@imerir.com', 'password11', 0, 1),
(407, 'EtudiantName12', 'EtudiantNickname12', 'etudiant12@imerir.com', 'password12', 0, 1),
(408, 'EtudiantName13', 'EtudiantNickname13', 'etudiant13@imerir.com', 'password13', 0, 1),
(409, 'EtudiantName14', 'EtudiantNickname14', 'etudiant14@imerir.com', 'password14', 0, 1),
(410, 'EtudiantName15', 'EtudiantNickname15', 'etudiant15@imerir.com', 'password15', 0, 1),
(411, 'EtudiantName16', 'EtudiantNickname16', 'etudiant16@imerir.com', 'password16', 0, 1),
(412, 'EtudiantName17', 'EtudiantNickname17', 'etudiant17@imerir.com', 'password17', 0, 1),
(413, 'EtudiantName18', 'EtudiantNickname18', 'etudiant18@imerir.com', 'password18', 0, 1),
(414, 'EtudiantName19', 'EtudiantNickname19', 'etudiant19@imerir.com', 'password19', 0, 1),
(415, 'EtudiantName20', 'EtudiantNickname20', 'etudiant20@imerir.com', 'password20', 0, 1),
(416, 'EtudiantName21', 'EtudiantNickname21', 'etudiant21@imerir.com', 'password21', 0, 1),
(417, 'EtudiantName22', 'EtudiantNickname22', 'etudiant22@imerir.com', 'password22', 0, 1),
(418, 'EtudiantName23', 'EtudiantNickname23', 'etudiant23@imerir.com', 'password23', 0, 1),
(419, 'EtudiantName24', 'EtudiantNickname24', 'etudiant24@imerir.com', 'password24', 0, 1),
(420, 'EtudiantName25', 'EtudiantNickname25', 'etudiant25@imerir.com', 'password25', 0, 1),
(421, 'EtudiantName26', 'EtudiantNickname26', 'etudiant26@imerir.com', 'password26', 0, 1),
(422, 'EtudiantName27', 'EtudiantNickname27', 'etudiant27@imerir.com', 'password27', 0, 1),
(423, 'EtudiantName28', 'EtudiantNickname28', 'etudiant28@imerir.com', 'password28', 0, 1),
(424, 'EtudiantName29', 'EtudiantNickname29', 'etudiant29@imerir.com', 'password29', 0, 1),
(425, 'EtudiantName30', 'EtudiantNickname30', 'etudiant30@imerir.com', 'password30', 0, 1),
(426, 'EtudiantName31', 'EtudiantNickname31', 'etudiant31@imerir.com', 'password31', 0, 1),
(427, 'EtudiantName32', 'EtudiantNickname32', 'etudiant32@imerir.com', 'password32', 0, 1),
(428, 'EtudiantName33', 'EtudiantNickname33', 'etudiant33@imerir.com', 'password33', 0, 1),
(429, 'EtudiantName34', 'EtudiantNickname34', 'etudiant34@imerir.com', 'password34', 0, 1),
(430, 'EtudiantName35', 'EtudiantNickname35', 'etudiant35@imerir.com', 'password35', 0, 1),
(431, 'EtudiantName36', 'EtudiantNickname36', 'etudiant36@imerir.com', 'password36', 0, 1),
(432, 'EtudiantName37', 'EtudiantNickname37', 'etudiant37@imerir.com', 'password37', 0, 1),
(433, 'EtudiantName38', 'EtudiantNickname38', 'etudiant38@imerir.com', 'password38', 0, 1),
(434, 'EtudiantName39', 'EtudiantNickname39', 'etudiant39@imerir.com', 'password39', 0, 1),
(435, 'EtudiantName40', 'EtudiantNickname40', 'etudiant40@imerir.com', 'password40', 0, 1),
(436, 'EtudiantName41', 'EtudiantNickname41', 'etudiant41@imerir.com', 'password41', 0, 1),
(437, 'EtudiantName42', 'EtudiantNickname42', 'etudiant42@imerir.com', 'password42', 0, 1),
(438, 'EtudiantName43', 'EtudiantNickname43', 'etudiant43@imerir.com', 'password43', 0, 1),
(439, 'EtudiantName44', 'EtudiantNickname44', 'etudiant44@imerir.com', 'password44', 0, 1),
(440, 'EtudiantName45', 'EtudiantNickname45', 'etudiant45@imerir.com', 'password45', 0, 1),
(441, 'EtudiantName46', 'EtudiantNickname46', 'etudiant46@imerir.com', 'password46', 0, 1),
(442, 'EtudiantName47', 'EtudiantNickname47', 'etudiant47@imerir.com', 'password47', 0, 1),
(443, 'EtudiantName48', 'EtudiantNickname48', 'etudiant48@imerir.com', 'password48', 0, 1),
(444, 'EtudiantName49', 'EtudiantNickname49', 'etudiant49@imerir.com', 'password49', 0, 1),
(445, 'EtudiantName50', 'EtudiantNickname50', 'etudiant50@imerir.com', 'password50', 0, 1),
(446, 'EtudiantName51', 'EtudiantNickname51', 'etudiant51@imerir.com', 'password51', 0, 1),
(447, 'EtudiantName52', 'EtudiantNickname52', 'etudiant52@imerir.com', 'password52', 0, 1),
(448, 'EtudiantName53', 'EtudiantNickname53', 'etudiant53@imerir.com', 'password53', 0, 1),
(449, 'EtudiantName54', 'EtudiantNickname54', 'etudiant54@imerir.com', 'password54', 0, 1),
(450, 'EtudiantName55', 'EtudiantNickname55', 'etudiant55@imerir.com', 'password55', 0, 1),
(451, 'EtudiantName56', 'EtudiantNickname56', 'etudiant56@imerir.com', 'password56', 0, 1),
(452, 'EtudiantName57', 'EtudiantNickname57', 'etudiant57@imerir.com', 'password57', 0, 1),
(453, 'EtudiantName58', 'EtudiantNickname58', 'etudiant58@imerir.com', 'password58', 0, 1),
(454, 'EtudiantName59', 'EtudiantNickname59', 'etudiant59@imerir.com', 'password59', 0, 1),
(455, 'EtudiantName60', 'EtudiantNickname60', 'etudiant60@imerir.com', 'password60', 0, 1),
(456, 'EtudiantName61', 'EtudiantNickname61', 'etudiant61@imerir.com', 'password61', 0, 1),
(457, 'EtudiantName62', 'EtudiantNickname62', 'etudiant62@imerir.com', 'password62', 0, 1),
(458, 'EtudiantName63', 'EtudiantNickname63', 'etudiant63@imerir.com', 'password63', 0, 1),
(459, 'EtudiantName64', 'EtudiantNickname64', 'etudiant64@imerir.com', 'password64', 0, 1),
(460, 'EtudiantName65', 'EtudiantNickname65', 'etudiant65@imerir.com', 'password65', 0, 1),
(461, 'EtudiantName66', 'EtudiantNickname66', 'etudiant66@imerir.com', 'password66', 0, 1),
(462, 'EtudiantName67', 'EtudiantNickname67', 'etudiant67@imerir.com', 'password67', 0, 1),
(463, 'EtudiantName68', 'EtudiantNickname68', 'etudiant68@imerir.com', 'password68', 0, 1),
(464, 'EtudiantName69', 'EtudiantNickname69', 'etudiant69@imerir.com', 'password69', 0, 1),
(465, 'EtudiantName70', 'EtudiantNickname70', 'etudiant70@imerir.com', 'password70', 0, 1),
(466, 'EtudiantName71', 'EtudiantNickname71', 'etudiant71@imerir.com', 'password71', 0, 1),
(467, 'EtudiantName72', 'EtudiantNickname72', 'etudiant72@imerir.com', 'password72', 0, 1),
(468, 'EtudiantName73', 'EtudiantNickname73', 'etudiant73@imerir.com', 'password73', 0, 1),
(469, 'EtudiantName74', 'EtudiantNickname74', 'etudiant74@imerir.com', 'password74', 0, 1),
(470, 'EtudiantName75', 'EtudiantNickname75', 'etudiant75@imerir.com', 'password75', 0, 1),
(471, 'EtudiantName76', 'EtudiantNickname76', 'etudiant76@imerir.com', 'password76', 0, 1),
(472, 'EtudiantName77', 'EtudiantNickname77', 'etudiant77@imerir.com', 'password77', 0, 1),
(473, 'EtudiantName78', 'EtudiantNickname78', 'etudiant78@imerir.com', 'password78', 0, 1),
(474, 'EtudiantName79', 'EtudiantNickname79', 'etudiant79@imerir.com', 'password79', 0, 1),
(475, 'EtudiantName80', 'EtudiantNickname80', 'etudiant80@imerir.com', 'password80', 0, 1),
(476, 'EtudiantName81', 'EtudiantNickname81', 'etudiant81@imerir.com', 'password81', 0, 1),
(477, 'EtudiantName82', 'EtudiantNickname82', 'etudiant82@imerir.com', 'password82', 0, 1),
(478, 'EtudiantName83', 'EtudiantNickname83', 'etudiant83@imerir.com', 'password83', 0, 1),
(479, 'EtudiantName84', 'EtudiantNickname84', 'etudiant84@imerir.com', 'password84', 0, 1),
(480, 'EtudiantName85', 'EtudiantNickname85', 'etudiant85@imerir.com', 'password85', 0, 1),
(481, 'EtudiantName86', 'EtudiantNickname86', 'etudiant86@imerir.com', 'password86', 0, 1),
(482, 'EtudiantName87', 'EtudiantNickname87', 'etudiant87@imerir.com', 'password87', 0, 1),
(483, 'EtudiantName88', 'EtudiantNickname88', 'etudiant88@imerir.com', 'password88', 0, 1),
(484, 'EtudiantName89', 'EtudiantNickname89', 'etudiant89@imerir.com', 'password89', 0, 1),
(485, 'EtudiantName90', 'EtudiantNickname90', 'etudiant90@imerir.com', 'password90', 0, 1),
(486, 'EtudiantName91', 'EtudiantNickname91', 'etudiant91@imerir.com', 'password91', 0, 1),
(487, 'EtudiantName92', 'EtudiantNickname92', 'etudiant92@imerir.com', 'password92', 0, 1),
(488, 'EtudiantName93', 'EtudiantNickname93', 'etudiant93@imerir.com', 'password93', 0, 1),
(489, 'EtudiantName94', 'EtudiantNickname94', 'etudiant94@imerir.com', 'password94', 0, 1),
(490, 'EtudiantName95', 'EtudiantNickname95', 'etudiant95@imerir.com', 'password95', 0, 1),
(491, 'EtudiantName96', 'EtudiantNickname96', 'etudiant96@imerir.com', 'password96', 0, 1),
(492, 'EtudiantName97', 'EtudiantNickname97', 'etudiant97@imerir.com', 'password97', 0, 1),
(493, 'EtudiantName98', 'EtudiantNickname98', 'etudiant98@imerir.com', 'password98', 0, 1),
(494, 'EtudiantName99', 'EtudiantNickname99', 'etudiant99@imerir.com', 'password99', 0, 1),
(495, 'EtudiantName100', 'EtudiantNickname100', 'etudiant100@imerir.com', 'password100', 0, 1),
(496, 'jack', 'jack', 'jack@npg-conseil.com', 'jack', 0, 1);

-- --------------------------------------------------------

--
-- Structure de la table `USER_BELBIN`
--

CREATE TABLE IF NOT EXISTS `USER_BELBIN` (
  `id` int(11) NOT NULL AUTO_INCREMENT,
  `user_id` int(11) NOT NULL,
  `belbin_id` int(11) NOT NULL,
  `value` int(11) NOT NULL,
  PRIMARY KEY (`id`)
) ENGINE=MyISAM  DEFAULT CHARSET=latin1 COLLATE=latin1_general_ci AUTO_INCREMENT=3207 ;

--
-- Contenu de la table `USER_BELBIN`
--

INSERT INTO `USER_BELBIN` (`id`, `user_id`, `belbin_id`, `value`) VALUES
(2399, 396, 1, 8),
(2400, 396, 2, 4),
(2401, 396, 3, 8),
(2402, 396, 4, 6),
(2403, 396, 5, 9),
(2404, 396, 6, 1),
(2405, 396, 7, 3),
(2406, 396, 8, 0),
(2407, 397, 1, 4),
(2408, 397, 2, 7),
(2409, 397, 3, 5),
(2410, 397, 4, 5),
(2411, 397, 5, 6),
(2412, 397, 6, 6),
(2413, 397, 7, 8),
(2414, 397, 8, 4),
(2415, 398, 1, 1),
(2416, 398, 2, 0),
(2417, 398, 3, 1),
(2418, 398, 4, 1),
(2419, 398, 5, 9),
(2420, 398, 6, 0),
(2421, 398, 7, 6),
(2422, 398, 8, 8),
(2423, 399, 1, 9),
(2424, 399, 2, 9),
(2425, 399, 3, 1),
(2426, 399, 4, 1),
(2427, 399, 5, 7),
(2428, 399, 6, 6),
(2429, 399, 7, 9),
(2430, 399, 8, 3),
(2431, 400, 1, 9),
(2432, 400, 2, 7),
(2433, 400, 3, 7),
(2434, 400, 4, 1),
(2435, 400, 5, 9),
(2436, 400, 6, 8),
(2437, 400, 7, 1),
(2438, 400, 8, 1),
(2439, 401, 1, 8),
(2440, 401, 2, 1),
(2441, 401, 3, 8),
(2442, 401, 4, 9),
(2443, 401, 5, 7),
(2444, 401, 6, 8),
(2445, 401, 7, 8),
(2446, 401, 8, 8),
(2447, 402, 1, 7),
(2448, 402, 2, 4),
(2449, 402, 3, 8),
(2450, 402, 4, 7),
(2451, 402, 5, 3),
(2452, 402, 6, 8),
(2453, 402, 7, 4),
(2454, 402, 8, 0),
(2455, 403, 1, 9),
(2456, 403, 2, 1),
(2457, 403, 3, 6),
(2458, 403, 4, 5),
(2459, 403, 5, 0),
(2460, 403, 6, 4),
(2461, 403, 7, 7),
(2462, 403, 8, 9),
(2463, 404, 1, 7),
(2464, 404, 2, 8),
(2465, 404, 3, 8),
(2466, 404, 4, 6),
(2467, 404, 5, 7),
(2468, 404, 6, 5),
(2469, 404, 7, 1),
(2470, 404, 8, 6),
(2471, 405, 1, 3),
(2472, 405, 2, 1),
(2473, 405, 3, 5),
(2474, 405, 4, 4),
(2475, 405, 5, 6),
(2476, 405, 6, 4),
(2477, 405, 7, 5),
(2478, 405, 8, 2),
(2479, 406, 1, 0),
(2480, 406, 2, 1),
(2481, 406, 3, 3),
(2482, 406, 4, 2),
(2483, 406, 5, 4),
(2484, 406, 6, 1),
(2485, 406, 7, 0),
(2486, 406, 8, 3),
(2487, 407, 1, 1),
(2488, 407, 2, 4),
(2489, 407, 3, 9),
(2490, 407, 4, 8),
(2491, 407, 5, 0),
(2492, 407, 6, 2),
(2493, 407, 7, 0),
(2494, 407, 8, 5),
(2495, 408, 1, 0),
(2496, 408, 2, 9),
(2497, 408, 3, 5),
(2498, 408, 4, 7),
(2499, 408, 5, 5),
(2500, 408, 6, 5),
(2501, 408, 7, 9),
(2502, 408, 8, 8),
(2503, 409, 1, 8),
(2504, 409, 2, 7),
(2505, 409, 3, 5),
(2506, 409, 4, 8),
(2507, 409, 5, 1),
(2508, 409, 6, 7),
(2509, 409, 7, 2),
(2510, 409, 8, 0),
(2511, 410, 1, 0),
(2512, 410, 2, 2),
(2513, 410, 3, 8),
(2514, 410, 4, 3),
(2515, 410, 5, 0),
(2516, 410, 6, 9),
(2517, 410, 7, 3),
(2518, 410, 8, 5),
(2519, 411, 1, 8),
(2520, 411, 2, 9),
(2521, 411, 3, 7),
(2522, 411, 4, 7),
(2523, 411, 5, 5),
(2524, 411, 6, 6),
(2525, 411, 7, 4),
(2526, 411, 8, 1),
(2527, 412, 1, 4),
(2528, 412, 2, 0),
(2529, 412, 3, 1),
(2530, 412, 4, 0),
(2531, 412, 5, 9),
(2532, 412, 6, 1),
(2533, 412, 7, 2),
(2534, 412, 8, 8),
(2535, 413, 1, 3),
(2536, 413, 2, 7),
(2537, 413, 3, 9),
(2538, 413, 4, 9),
(2539, 413, 5, 4),
(2540, 413, 6, 7),
(2541, 413, 7, 8),
(2542, 413, 8, 2),
(2543, 414, 1, 4),
(2544, 414, 2, 7),
(2545, 414, 3, 4),
(2546, 414, 4, 2),
(2547, 414, 5, 4),
(2548, 414, 6, 8),
(2549, 414, 7, 3),
(2550, 414, 8, 5),
(2551, 415, 1, 2),
(2552, 415, 2, 3),
(2553, 415, 3, 8),
(2554, 415, 4, 1),
(2555, 415, 5, 2),
(2556, 415, 6, 2),
(2557, 415, 7, 9),
(2558, 415, 8, 1),
(2559, 416, 1, 5),
(2560, 416, 2, 5),
(2561, 416, 3, 6),
(2562, 416, 4, 5),
(2563, 416, 5, 1),
(2564, 416, 6, 0),
(2565, 416, 7, 2),
(2566, 416, 8, 5),
(2567, 417, 1, 3),
(2568, 417, 2, 0),
(2569, 417, 3, 9),
(2570, 417, 4, 4),
(2571, 417, 5, 1),
(2572, 417, 6, 2),
(2573, 417, 7, 8),
(2574, 417, 8, 0),
(2575, 418, 1, 5),
(2576, 418, 2, 7),
(2577, 418, 3, 1),
(2578, 418, 4, 6),
(2579, 418, 5, 3),
(2580, 418, 6, 6),
(2581, 418, 7, 1),
(2582, 418, 8, 9),
(2583, 419, 1, 4),
(2584, 419, 2, 1),
(2585, 419, 3, 3),
(2586, 419, 4, 1),
(2587, 419, 5, 4),
(2588, 419, 6, 7),
(2589, 419, 7, 1),
(2590, 419, 8, 4),
(2591, 420, 1, 1),
(2592, 420, 2, 0),
(2593, 420, 3, 7),
(2594, 420, 4, 4),
(2595, 420, 5, 2),
(2596, 420, 6, 2),
(2597, 420, 7, 1),
(2598, 420, 8, 4),
(2599, 421, 1, 4),
(2600, 421, 2, 3),
(2601, 421, 3, 6),
(2602, 421, 4, 9),
(2603, 421, 5, 3),
(2604, 421, 6, 0),
(2605, 421, 7, 1),
(2606, 421, 8, 7),
(2607, 422, 1, 5),
(2608, 422, 2, 7),
(2609, 422, 3, 6),
(2610, 422, 4, 5),
(2611, 422, 5, 1),
(2612, 422, 6, 7),
(2613, 422, 7, 6),
(2614, 422, 8, 8),
(2615, 423, 1, 9),
(2616, 423, 2, 8),
(2617, 423, 3, 5),
(2618, 423, 4, 0),
(2619, 423, 5, 4),
(2620, 423, 6, 9),
(2621, 423, 7, 4),
(2622, 423, 8, 0),
(2623, 424, 1, 3),
(2624, 424, 2, 5),
(2625, 424, 3, 8),
(2626, 424, 4, 7),
(2627, 424, 5, 5),
(2628, 424, 6, 4),
(2629, 424, 7, 4),
(2630, 424, 8, 1),
(2631, 425, 1, 0),
(2632, 425, 2, 4),
(2633, 425, 3, 6),
(2634, 425, 4, 4),
(2635, 425, 5, 8),
(2636, 425, 6, 5),
(2637, 425, 7, 3),
(2638, 425, 8, 4),
(2639, 426, 1, 3),
(2640, 426, 2, 7),
(2641, 426, 3, 9),
(2642, 426, 4, 4),
(2643, 426, 5, 1),
(2644, 426, 6, 2),
(2645, 426, 7, 0),
(2646, 426, 8, 0),
(2647, 427, 1, 3),
(2648, 427, 2, 0),
(2649, 427, 3, 6),
(2650, 427, 4, 9),
(2651, 427, 5, 5),
(2652, 427, 6, 7),
(2653, 427, 7, 4),
(2654, 427, 8, 1),
(2655, 428, 1, 3),
(2656, 428, 2, 2),
(2657, 428, 3, 1),
(2658, 428, 4, 3),
(2659, 428, 5, 0),
(2660, 428, 6, 5),
(2661, 428, 7, 0),
(2662, 428, 8, 9),
(2663, 429, 1, 0),
(2664, 429, 2, 5),
(2665, 429, 3, 6),
(2666, 429, 4, 4),
(2667, 429, 5, 2),
(2668, 429, 6, 0),
(2669, 429, 7, 5),
(2670, 429, 8, 8),
(2671, 430, 1, 7),
(2672, 430, 2, 6),
(2673, 430, 3, 9),
(2674, 430, 4, 2),
(2675, 430, 5, 3),
(2676, 430, 6, 2),
(2677, 430, 7, 4),
(2678, 430, 8, 5),
(2679, 431, 1, 0),
(2680, 431, 2, 8),
(2681, 431, 3, 5),
(2682, 431, 4, 0),
(2683, 431, 5, 1),
(2684, 431, 6, 5),
(2685, 431, 7, 5),
(2686, 431, 8, 7),
(2687, 432, 1, 6),
(2688, 432, 2, 5),
(2689, 432, 3, 2),
(2690, 432, 4, 0),
(2691, 432, 5, 8),
(2692, 432, 6, 9),
(2693, 432, 7, 7),
(2694, 432, 8, 7),
(2695, 433, 1, 6),
(2696, 433, 2, 1),
(2697, 433, 3, 7),
(2698, 433, 4, 3),
(2699, 433, 5, 5),
(2700, 433, 6, 8),
(2701, 433, 7, 2),
(2702, 433, 8, 0),
(2703, 434, 1, 6),
(2704, 434, 2, 1),
(2705, 434, 3, 7),
(2706, 434, 4, 2),
(2707, 434, 5, 7),
(2708, 434, 6, 4),
(2709, 434, 7, 8),
(2710, 434, 8, 0),
(2711, 435, 1, 2),
(2712, 435, 2, 3),
(2713, 435, 3, 4),
(2714, 435, 4, 8),
(2715, 435, 5, 0),
(2716, 435, 6, 0),
(2717, 435, 7, 0),
(2718, 435, 8, 8),
(2719, 436, 1, 5),
(2720, 436, 2, 9),
(2721, 436, 3, 2),
(2722, 436, 4, 9),
(2723, 436, 5, 9),
(2724, 436, 6, 8),
(2725, 436, 7, 0),
(2726, 436, 8, 7),
(2727, 437, 1, 7),
(2728, 437, 2, 4),
(2729, 437, 3, 8),
(2730, 437, 4, 0),
(2731, 437, 5, 8),
(2732, 437, 6, 0),
(2733, 437, 7, 4),
(2734, 437, 8, 2),
(2735, 438, 1, 6),
(2736, 438, 2, 5),
(2737, 438, 3, 9),
(2738, 438, 4, 2),
(2739, 438, 5, 0),
(2740, 438, 6, 4),
(2741, 438, 7, 2),
(2742, 438, 8, 3),
(2743, 439, 1, 2),
(2744, 439, 2, 3),
(2745, 439, 3, 2),
(2746, 439, 4, 1),
(2747, 439, 5, 1),
(2748, 439, 6, 0),
(2749, 439, 7, 6),
(2750, 439, 8, 9),
(2751, 440, 1, 9),
(2752, 440, 2, 8),
(2753, 440, 3, 0),
(2754, 440, 4, 8),
(2755, 440, 5, 1),
(2756, 440, 6, 7),
(2757, 440, 7, 3),
(2758, 440, 8, 1),
(2759, 441, 1, 0),
(2760, 441, 2, 4),
(2761, 441, 3, 9),
(2762, 441, 4, 5),
(2763, 441, 5, 4),
(2764, 441, 6, 1),
(2765, 441, 7, 8),
(2766, 441, 8, 6),
(2767, 442, 1, 6),
(2768, 442, 2, 3),
(2769, 442, 3, 8),
(2770, 442, 4, 1),
(2771, 442, 5, 1),
(2772, 442, 6, 8),
(2773, 442, 7, 0),
(2774, 442, 8, 1),
(2775, 443, 1, 8),
(2776, 443, 2, 5),
(2777, 443, 3, 9),
(2778, 443, 4, 1),
(2779, 443, 5, 2),
(2780, 443, 6, 9),
(2781, 443, 7, 5),
(2782, 443, 8, 2),
(2783, 444, 1, 7),
(2784, 444, 2, 1),
(2785, 444, 3, 2),
(2786, 444, 4, 6),
(2787, 444, 5, 1),
(2788, 444, 6, 9),
(2789, 444, 7, 0),
(2790, 444, 8, 9),
(2791, 445, 1, 4),
(2792, 445, 2, 2),
(2793, 445, 3, 1),
(2794, 445, 4, 5),
(2795, 445, 5, 5),
(2796, 445, 6, 0),
(2797, 445, 7, 0),
(2798, 445, 8, 4),
(2799, 446, 1, 8),
(2800, 446, 2, 6),
(2801, 446, 3, 9),
(2802, 446, 4, 1),
(2803, 446, 5, 1),
(2804, 446, 6, 7),
(2805, 446, 7, 3),
(2806, 446, 8, 4),
(2807, 447, 1, 3),
(2808, 447, 2, 6),
(2809, 447, 3, 2),
(2810, 447, 4, 4),
(2811, 447, 5, 8),
(2812, 447, 6, 6),
(2813, 447, 7, 6),
(2814, 447, 8, 0),
(2815, 448, 1, 1),
(2816, 448, 2, 6),
(2817, 448, 3, 1),
(2818, 448, 4, 7),
(2819, 448, 5, 2),
(2820, 448, 6, 9),
(2821, 448, 7, 3),
(2822, 448, 8, 2),
(2823, 449, 1, 3),
(2824, 449, 2, 7),
(2825, 449, 3, 3),
(2826, 449, 4, 7),
(2827, 449, 5, 1),
(2828, 449, 6, 6),
(2829, 449, 7, 3),
(2830, 449, 8, 3),
(2831, 450, 1, 2),
(2832, 450, 2, 0),
(2833, 450, 3, 3),
(2834, 450, 4, 5),
(2835, 450, 5, 7),
(2836, 450, 6, 4),
(2837, 450, 7, 2),
(2838, 450, 8, 8),
(2839, 451, 1, 9),
(2840, 451, 2, 2),
(2841, 451, 3, 6),
(2842, 451, 4, 2),
(2843, 451, 5, 2),
(2844, 451, 6, 9),
(2845, 451, 7, 0),
(2846, 451, 8, 5),
(2847, 452, 1, 3),
(2848, 452, 2, 3),
(2849, 452, 3, 6),
(2850, 452, 4, 2),
(2851, 452, 5, 7),
(2852, 452, 6, 9),
(2853, 452, 7, 2),
(2854, 452, 8, 0),
(2855, 453, 1, 8),
(2856, 453, 2, 2),
(2857, 453, 3, 8),
(2858, 453, 4, 4),
(2859, 453, 5, 8),
(2860, 453, 6, 7),
(2861, 453, 7, 7),
(2862, 453, 8, 4),
(2863, 454, 1, 1),
(2864, 454, 2, 2),
(2865, 454, 3, 7),
(2866, 454, 4, 2),
(2867, 454, 5, 8),
(2868, 454, 6, 1),
(2869, 454, 7, 6),
(2870, 454, 8, 5),
(2871, 455, 1, 0),
(2872, 455, 2, 7),
(2873, 455, 3, 9),
(2874, 455, 4, 7),
(2875, 455, 5, 6),
(2876, 455, 6, 7),
(2877, 455, 7, 9),
(2878, 455, 8, 5),
(2879, 456, 1, 2),
(2880, 456, 2, 8),
(2881, 456, 3, 7),
(2882, 456, 4, 3),
(2883, 456, 5, 4),
(2884, 456, 6, 9),
(2885, 456, 7, 6),
(2886, 456, 8, 2),
(2887, 457, 1, 7),
(2888, 457, 2, 2),
(2889, 457, 3, 5),
(2890, 457, 4, 4),
(2891, 457, 5, 6),
(2892, 457, 6, 5),
(2893, 457, 7, 1),
(2894, 457, 8, 5),
(2895, 458, 1, 4),
(2896, 458, 2, 1),
(2897, 458, 3, 6),
(2898, 458, 4, 4),
(2899, 458, 5, 5),
(2900, 458, 6, 9),
(2901, 458, 7, 2),
(2902, 458, 8, 2),
(2903, 459, 1, 3),
(2904, 459, 2, 4),
(2905, 459, 3, 2),
(2906, 459, 4, 2),
(2907, 459, 5, 4),
(2908, 459, 6, 0),
(2909, 459, 7, 4),
(2910, 459, 8, 9),
(2911, 460, 1, 8),
(2912, 460, 2, 5),
(2913, 460, 3, 9),
(2914, 460, 4, 1),
(2915, 460, 5, 9),
(2916, 460, 6, 3),
(2917, 460, 7, 2),
(2918, 460, 8, 5),
(2919, 461, 1, 8),
(2920, 461, 2, 8),
(2921, 461, 3, 3),
(2922, 461, 4, 7),
(2923, 461, 5, 7),
(2924, 461, 6, 7),
(2925, 461, 7, 1),
(2926, 461, 8, 0),
(2927, 462, 1, 5),
(2928, 462, 2, 4),
(2929, 462, 3, 1),
(2930, 462, 4, 2),
(2931, 462, 5, 0),
(2932, 462, 6, 9),
(2933, 462, 7, 8),
(2934, 462, 8, 9),
(2935, 463, 1, 2),
(2936, 463, 2, 2),
(2937, 463, 3, 9),
(2938, 463, 4, 3),
(2939, 463, 5, 3),
(2940, 463, 6, 7),
(2941, 463, 7, 1),
(2942, 463, 8, 6),
(2943, 464, 1, 2),
(2944, 464, 2, 2),
(2945, 464, 3, 9),
(2946, 464, 4, 6),
(2947, 464, 5, 8),
(2948, 464, 6, 5),
(2949, 464, 7, 1),
(2950, 464, 8, 0),
(2951, 465, 1, 1),
(2952, 465, 2, 4),
(2953, 465, 3, 5),
(2954, 465, 4, 4),
(2955, 465, 5, 8),
(2956, 465, 6, 7),
(2957, 465, 7, 6),
(2958, 465, 8, 7),
(2959, 466, 1, 9),
(2960, 466, 2, 0),
(2961, 466, 3, 9),
(2962, 466, 4, 5),
(2963, 466, 5, 9),
(2964, 466, 6, 1),
(2965, 466, 7, 7),
(2966, 466, 8, 8),
(2967, 467, 1, 2),
(2968, 467, 2, 0),
(2969, 467, 3, 7),
(2970, 467, 4, 9),
(2971, 467, 5, 2),
(2972, 467, 6, 8),
(2973, 467, 7, 4),
(2974, 467, 8, 8),
(2975, 468, 1, 7),
(2976, 468, 2, 9),
(2977, 468, 3, 4),
(2978, 468, 4, 9),
(2979, 468, 5, 5),
(2980, 468, 6, 3),
(2981, 468, 7, 9),
(2982, 468, 8, 5),
(2983, 469, 1, 4),
(2984, 469, 2, 3),
(2985, 469, 3, 2),
(2986, 469, 4, 3),
(2987, 469, 5, 0),
(2988, 469, 6, 5),
(2989, 469, 7, 4),
(2990, 469, 8, 7),
(2991, 470, 1, 8),
(2992, 470, 2, 1),
(2993, 470, 3, 2),
(2994, 470, 4, 8),
(2995, 470, 5, 1),
(2996, 470, 6, 9),
(2997, 470, 7, 8),
(2998, 470, 8, 6),
(2999, 471, 1, 8),
(3000, 471, 2, 7),
(3001, 471, 3, 6),
(3002, 471, 4, 5),
(3003, 471, 5, 5),
(3004, 471, 6, 1),
(3005, 471, 7, 9),
(3006, 471, 8, 7),
(3007, 472, 1, 7),
(3008, 472, 2, 7),
(3009, 472, 3, 2),
(3010, 472, 4, 6),
(3011, 472, 5, 3),
(3012, 472, 6, 1),
(3013, 472, 7, 7),
(3014, 472, 8, 5),
(3015, 473, 1, 4),
(3016, 473, 2, 4),
(3017, 473, 3, 5),
(3018, 473, 4, 3),
(3019, 473, 5, 3),
(3020, 473, 6, 4),
(3021, 473, 7, 0),
(3022, 473, 8, 0),
(3023, 474, 1, 6),
(3024, 474, 2, 8),
(3025, 474, 3, 7),
(3026, 474, 4, 6),
(3027, 474, 5, 5),
(3028, 474, 6, 4),
(3029, 474, 7, 3),
(3030, 474, 8, 8),
(3031, 475, 1, 0),
(3032, 475, 2, 8),
(3033, 475, 3, 8),
(3034, 475, 4, 9),
(3035, 475, 5, 3),
(3036, 475, 6, 3),
(3037, 475, 7, 3),
(3038, 475, 8, 8),
(3039, 476, 1, 2),
(3040, 476, 2, 3),
(3041, 476, 3, 9),
(3042, 476, 4, 0),
(3043, 476, 5, 7),
(3044, 476, 6, 5),
(3045, 476, 7, 9),
(3046, 476, 8, 4),
(3047, 477, 1, 1),
(3048, 477, 2, 3),
(3049, 477, 3, 2),
(3050, 477, 4, 0),
(3051, 477, 5, 6),
(3052, 477, 6, 3),
(3053, 477, 7, 8),
(3054, 477, 8, 5),
(3055, 478, 1, 5),
(3056, 478, 2, 4),
(3057, 478, 3, 2),
(3058, 478, 4, 2),
(3059, 478, 5, 2),
(3060, 478, 6, 4),
(3061, 478, 7, 5),
(3062, 478, 8, 1),
(3063, 479, 1, 9),
(3064, 479, 2, 9),
(3065, 479, 3, 7),
(3066, 479, 4, 5),
(3067, 479, 5, 1),
(3068, 479, 6, 9),
(3069, 479, 7, 8),
(3070, 479, 8, 4),
(3071, 480, 1, 0),
(3072, 480, 2, 9),
(3073, 480, 3, 9),
(3074, 480, 4, 7),
(3075, 480, 5, 9),
(3076, 480, 6, 4),
(3077, 480, 7, 1),
(3078, 480, 8, 1),
(3079, 481, 1, 2),
(3080, 481, 2, 5),
(3081, 481, 3, 3),
(3082, 481, 4, 6),
(3083, 481, 5, 3),
(3084, 481, 6, 3),
(3085, 481, 7, 5),
(3086, 481, 8, 1),
(3087, 482, 1, 0),
(3088, 482, 2, 3),
(3089, 482, 3, 9),
(3090, 482, 4, 7),
(3091, 482, 5, 4),
(3092, 482, 6, 9),
(3093, 482, 7, 6),
(3094, 482, 8, 4),
(3095, 483, 1, 5),
(3096, 483, 2, 2),
(3097, 483, 3, 3),
(3098, 483, 4, 7),
(3099, 483, 5, 8),
(3100, 483, 6, 5),
(3101, 483, 7, 3),
(3102, 483, 8, 2),
(3103, 484, 1, 5),
(3104, 484, 2, 6),
(3105, 484, 3, 9),
(3106, 484, 4, 3),
(3107, 484, 5, 8),
(3108, 484, 6, 9),
(3109, 484, 7, 6),
(3110, 484, 8, 7),
(3111, 485, 1, 4),
(3112, 485, 2, 0),
(3113, 485, 3, 4),
(3114, 485, 4, 3),
(3115, 485, 5, 7),
(3116, 485, 6, 9),
(3117, 485, 7, 6),
(3118, 485, 8, 1),
(3119, 486, 1, 0),
(3120, 486, 2, 8),
(3121, 486, 3, 3),
(3122, 486, 4, 8),
(3123, 486, 5, 7),
(3124, 486, 6, 8),
(3125, 486, 7, 5),
(3126, 486, 8, 7),
(3127, 487, 1, 4),
(3128, 487, 2, 0),
(3129, 487, 3, 9),
(3130, 487, 4, 8),
(3131, 487, 5, 5),
(3132, 487, 6, 4),
(3133, 487, 7, 9),
(3134, 487, 8, 9),
(3135, 488, 1, 6),
(3136, 488, 2, 9),
(3137, 488, 3, 5),
(3138, 488, 4, 7),
(3139, 488, 5, 6),
(3140, 488, 6, 5),
(3141, 488, 7, 6),
(3142, 488, 8, 0),
(3143, 489, 1, 0),
(3144, 489, 2, 4),
(3145, 489, 3, 7),
(3146, 489, 4, 9),
(3147, 489, 5, 5),
(3148, 489, 6, 2),
(3149, 489, 7, 9),
(3150, 489, 8, 5),
(3151, 490, 1, 7),
(3152, 490, 2, 6),
(3153, 490, 3, 3),
(3154, 490, 4, 1),
(3155, 490, 5, 4),
(3156, 490, 6, 0),
(3157, 490, 7, 1),
(3158, 490, 8, 0),
(3159, 491, 1, 1),
(3160, 491, 2, 8),
(3161, 491, 3, 7),
(3162, 491, 4, 1),
(3163, 491, 5, 8),
(3164, 491, 6, 8),
(3165, 491, 7, 5),
(3166, 491, 8, 6),
(3167, 492, 1, 9),
(3168, 492, 2, 2),
(3169, 492, 3, 7),
(3170, 492, 4, 9),
(3171, 492, 5, 7),
(3172, 492, 6, 5),
(3173, 492, 7, 6),
(3174, 492, 8, 1),
(3175, 493, 1, 0),
(3176, 493, 2, 6),
(3177, 493, 3, 8),
(3178, 493, 4, 5),
(3179, 493, 5, 4),
(3180, 493, 6, 9),
(3181, 493, 7, 3),
(3182, 493, 8, 2),
(3183, 494, 1, 8),
(3184, 494, 2, 9),
(3185, 494, 3, 7),
(3186, 494, 4, 6),
(3187, 494, 5, 6),
(3188, 494, 6, 6),
(3189, 494, 7, 9),
(3190, 494, 8, 3),
(3191, 495, 1, 5),
(3192, 495, 2, 2),
(3193, 495, 3, 9),
(3194, 495, 4, 3),
(3195, 495, 5, 4),
(3196, 495, 6, 9),
(3197, 495, 7, 0),
(3198, 495, 8, 2),
(3199, 496, 2, 0),
(3200, 496, 7, 0),
(3201, 496, 5, 0),
(3202, 496, 3, 0),
(3203, 496, 1, 0),
(3204, 496, 6, 0),
(3205, 496, 4, 0),
(3206, 496, 8, 0);

-- --------------------------------------------------------

--
-- Structure de la table `USER_GROUP`
--

CREATE TABLE IF NOT EXISTS `USER_GROUP` (
  `id` int(11) NOT NULL AUTO_INCREMENT,
  `user_id` int(11) NOT NULL,
  `group_id` int(11) NOT NULL,
  PRIMARY KEY (`id`)
) ENGINE=MyISAM  DEFAULT CHARSET=latin1 AUTO_INCREMENT=388 ;

--
-- Contenu de la table `USER_GROUP`
--

INSERT INTO `USER_GROUP` (`id`, `user_id`, `group_id`) VALUES
(288, 396, 36),
(289, 397, 36),
(290, 398, 36),
(291, 399, 36),
(292, 400, 36),
(293, 401, 36),
(294, 402, 36),
(295, 403, 36),
(296, 404, 36),
(297, 405, 36),
(298, 406, 36),
(299, 407, 36),
(300, 408, 36),
(301, 409, 36),
(302, 410, 36),
(303, 411, 36),
(304, 412, 36),
(305, 413, 36),
(306, 414, 36),
(307, 415, 36),
(308, 416, 37),
(309, 417, 37),
(310, 418, 37),
(311, 419, 37),
(312, 420, 37),
(313, 421, 37),
(314, 422, 37),
(315, 423, 37),
(316, 424, 37),
(317, 425, 37),
(318, 426, 37),
(319, 427, 37),
(320, 428, 37),
(321, 429, 37),
(322, 430, 37),
(323, 431, 37),
(324, 432, 37),
(325, 433, 37),
(326, 434, 37),
(327, 435, 37),
(328, 436, 38),
(329, 437, 38),
(330, 438, 38),
(331, 439, 38),
(332, 440, 38),
(333, 441, 38),
(334, 442, 38),
(335, 443, 38),
(336, 444, 38),
(337, 445, 38),
(338, 446, 38),
(339, 447, 38),
(340, 448, 38),
(341, 449, 38),
(342, 450, 38),
(343, 451, 38),
(344, 452, 38),
(345, 453, 38),
(346, 454, 38),
(347, 455, 38),
(348, 456, 39),
(349, 457, 39),
(350, 458, 39),
(351, 459, 39),
(352, 460, 39),
(353, 461, 39),
(354, 462, 39),
(355, 463, 39),
(356, 464, 39),
(357, 465, 39),
(358, 466, 39),
(359, 467, 39),
(360, 468, 39),
(361, 469, 39),
(362, 470, 39),
(363, 471, 39),
(364, 472, 39),
(365, 473, 39),
(366, 474, 39),
(367, 475, 39),
(368, 476, 40),
(369, 477, 40),
(370, 478, 40),
(371, 479, 40),
(372, 480, 40),
(373, 481, 40),
(374, 482, 40),
(375, 483, 40),
(376, 484, 40),
(377, 485, 40),
(378, 486, 40),
(379, 487, 40),
(380, 488, 40),
(381, 489, 40),
(382, 490, 40),
(383, 491, 40),
(384, 492, 40),
(385, 493, 40),
(386, 494, 40),
(387, 495, 40);

-- --------------------------------------------------------

--
-- Structure de la table `USER_SKILL`
--

CREATE TABLE IF NOT EXISTS `USER_SKILL` (
  `id` int(11) NOT NULL AUTO_INCREMENT,
  `user_id` int(11) NOT NULL,
  `skill_id` int(11) NOT NULL,
  `value` int(11) NOT NULL,
  PRIMARY KEY (`id`)
) ENGINE=MyISAM  DEFAULT CHARSET=latin1 AUTO_INCREMENT=2461 ;

--
-- Contenu de la table `USER_SKILL`
--

INSERT INTO `USER_SKILL` (`id`, `user_id`, `skill_id`, `value`) VALUES
(1956, 396, 1, 0),
(1957, 396, 2, 6),
(1958, 396, 3, 4),
(1959, 396, 4, 1),
(1960, 396, 5, 5),
(1961, 397, 1, 6),
(1962, 397, 2, 5),
(1963, 397, 3, 5),
(1964, 397, 4, 1),
(1965, 397, 5, 1),
(1966, 398, 1, 4),
(1967, 398, 2, 3),
(1968, 398, 3, 6),
(1969, 398, 4, 0),
(1970, 398, 5, 3),
(1971, 399, 1, 1),
(1972, 399, 2, 3),
(1973, 399, 3, 6),
(1974, 399, 4, 0),
(1975, 399, 5, 6),
(1976, 400, 1, 6),
(1977, 400, 2, 0),
(1978, 400, 3, 0),
(1979, 400, 4, 4),
(1980, 400, 5, 6),
(1981, 401, 1, 0),
(1982, 401, 2, 4),
(1983, 401, 3, 3),
(1984, 401, 4, 6),
(1985, 401, 5, 6),
(1986, 402, 1, 6),
(1987, 402, 2, 2),
(1988, 402, 3, 6),
(1989, 402, 4, 0),
(1990, 402, 5, 3),
(1991, 403, 1, 2),
(1992, 403, 2, 2),
(1993, 403, 3, 5),
(1994, 403, 4, 1),
(1995, 403, 5, 2),
(1996, 404, 1, 1),
(1997, 404, 2, 3),
(1998, 404, 3, 3),
(1999, 404, 4, 5),
(2000, 404, 5, 4),
(2001, 405, 1, 0),
(2002, 405, 2, 4),
(2003, 405, 3, 4),
(2004, 405, 4, 5),
(2005, 405, 5, 4),
(2006, 406, 1, 5),
(2007, 406, 2, 5),
(2008, 406, 3, 6),
(2009, 406, 4, 6),
(2010, 406, 5, 3),
(2011, 407, 1, 5),
(2012, 407, 2, 4),
(2013, 407, 3, 0),
(2014, 407, 4, 2),
(2015, 407, 5, 5),
(2016, 408, 1, 5),
(2017, 408, 2, 2),
(2018, 408, 3, 0),
(2019, 408, 4, 6),
(2020, 408, 5, 4),
(2021, 409, 1, 4),
(2022, 409, 2, 2),
(2023, 409, 3, 2),
(2024, 409, 4, 4),
(2025, 409, 5, 5),
(2026, 410, 1, 4),
(2027, 410, 2, 5),
(2028, 410, 3, 0),
(2029, 410, 4, 3),
(2030, 410, 5, 5),
(2031, 411, 1, 3),
(2032, 411, 2, 4),
(2033, 411, 3, 5),
(2034, 411, 4, 5),
(2035, 411, 5, 5),
(2036, 412, 1, 3),
(2037, 412, 2, 1),
(2038, 412, 3, 5),
(2039, 412, 4, 6),
(2040, 412, 5, 5),
(2041, 413, 1, 3),
(2042, 413, 2, 3),
(2043, 413, 3, 6),
(2044, 413, 4, 0),
(2045, 413, 5, 4),
(2046, 414, 1, 6),
(2047, 414, 2, 2),
(2048, 414, 3, 5),
(2049, 414, 4, 0),
(2050, 414, 5, 0),
(2051, 415, 1, 1),
(2052, 415, 2, 2),
(2053, 415, 3, 6),
(2054, 415, 4, 0),
(2055, 415, 5, 4),
(2056, 416, 1, 2),
(2057, 416, 2, 4),
(2058, 416, 3, 3),
(2059, 416, 4, 5),
(2060, 416, 5, 1),
(2061, 417, 1, 3),
(2062, 417, 2, 0),
(2063, 417, 3, 2),
(2064, 417, 4, 2),
(2065, 417, 5, 1),
(2066, 418, 1, 1),
(2067, 418, 2, 2),
(2068, 418, 3, 0),
(2069, 418, 4, 3),
(2070, 418, 5, 6),
(2071, 419, 1, 1),
(2072, 419, 2, 2),
(2073, 419, 3, 4),
(2074, 419, 4, 6),
(2075, 419, 5, 2),
(2076, 420, 1, 6),
(2077, 420, 2, 3),
(2078, 420, 3, 1),
(2079, 420, 4, 0),
(2080, 420, 5, 3),
(2081, 421, 1, 1),
(2082, 421, 2, 3),
(2083, 421, 3, 2),
(2084, 421, 4, 2),
(2085, 421, 5, 6),
(2086, 422, 1, 1),
(2087, 422, 2, 6),
(2088, 422, 3, 0),
(2089, 422, 4, 2),
(2090, 422, 5, 2),
(2091, 423, 1, 6),
(2092, 423, 2, 5),
(2093, 423, 3, 0),
(2094, 423, 4, 0),
(2095, 423, 5, 3),
(2096, 424, 1, 6),
(2097, 424, 2, 4),
(2098, 424, 3, 6),
(2099, 424, 4, 3),
(2100, 424, 5, 3),
(2101, 425, 1, 4),
(2102, 425, 2, 5),
(2103, 425, 3, 3),
(2104, 425, 4, 6),
(2105, 425, 5, 5),
(2106, 426, 1, 6),
(2107, 426, 2, 3),
(2108, 426, 3, 2),
(2109, 426, 4, 2),
(2110, 426, 5, 5),
(2111, 427, 1, 1),
(2112, 427, 2, 2),
(2113, 427, 3, 5),
(2114, 427, 4, 3),
(2115, 427, 5, 5),
(2116, 428, 1, 6),
(2117, 428, 2, 1),
(2118, 428, 3, 0),
(2119, 428, 4, 6),
(2120, 428, 5, 1),
(2121, 429, 1, 6),
(2122, 429, 2, 0),
(2123, 429, 3, 4),
(2124, 429, 4, 2),
(2125, 429, 5, 1),
(2126, 430, 1, 4),
(2127, 430, 2, 3),
(2128, 430, 3, 0),
(2129, 430, 4, 4),
(2130, 430, 5, 2),
(2131, 431, 1, 0),
(2132, 431, 2, 5),
(2133, 431, 3, 5),
(2134, 431, 4, 3),
(2135, 431, 5, 4),
(2136, 432, 1, 1),
(2137, 432, 2, 0),
(2138, 432, 3, 0),
(2139, 432, 4, 4),
(2140, 432, 5, 4),
(2141, 433, 1, 6),
(2142, 433, 2, 2),
(2143, 433, 3, 4),
(2144, 433, 4, 2),
(2145, 433, 5, 0),
(2146, 434, 1, 3),
(2147, 434, 2, 4),
(2148, 434, 3, 6),
(2149, 434, 4, 1),
(2150, 434, 5, 2),
(2151, 435, 1, 2),
(2152, 435, 2, 3),
(2153, 435, 3, 4),
(2154, 435, 4, 4),
(2155, 435, 5, 4),
(2156, 436, 1, 0),
(2157, 436, 2, 5),
(2158, 436, 3, 1),
(2159, 436, 4, 6),
(2160, 436, 5, 5),
(2161, 437, 1, 6),
(2162, 437, 2, 3),
(2163, 437, 3, 2),
(2164, 437, 4, 6),
(2165, 437, 5, 1),
(2166, 438, 1, 2),
(2167, 438, 2, 1),
(2168, 438, 3, 1),
(2169, 438, 4, 3),
(2170, 438, 5, 6),
(2171, 439, 1, 0),
(2172, 439, 2, 3),
(2173, 439, 3, 6),
(2174, 439, 4, 3),
(2175, 439, 5, 5),
(2176, 440, 1, 0),
(2177, 440, 2, 3),
(2178, 440, 3, 4),
(2179, 440, 4, 1),
(2180, 440, 5, 5),
(2181, 441, 1, 2),
(2182, 441, 2, 6),
(2183, 441, 3, 4),
(2184, 441, 4, 6),
(2185, 441, 5, 6),
(2186, 442, 1, 4),
(2187, 442, 2, 1),
(2188, 442, 3, 5),
(2189, 442, 4, 0),
(2190, 442, 5, 2),
(2191, 443, 1, 3),
(2192, 443, 2, 6),
(2193, 443, 3, 2),
(2194, 443, 4, 1),
(2195, 443, 5, 4),
(2196, 444, 1, 0),
(2197, 444, 2, 1),
(2198, 444, 3, 5),
(2199, 444, 4, 0),
(2200, 444, 5, 2),
(2201, 445, 1, 0),
(2202, 445, 2, 2),
(2203, 445, 3, 2),
(2204, 445, 4, 4),
(2205, 445, 5, 4),
(2206, 446, 1, 2),
(2207, 446, 2, 2),
(2208, 446, 3, 2),
(2209, 446, 4, 3),
(2210, 446, 5, 2),
(2211, 447, 1, 1),
(2212, 447, 2, 1),
(2213, 447, 3, 0),
(2214, 447, 4, 2),
(2215, 447, 5, 4),
(2216, 448, 1, 0),
(2217, 448, 2, 4),
(2218, 448, 3, 6),
(2219, 448, 4, 2),
(2220, 448, 5, 6),
(2221, 449, 1, 0),
(2222, 449, 2, 1),
(2223, 449, 3, 0),
(2224, 449, 4, 5),
(2225, 449, 5, 2),
(2226, 450, 1, 1),
(2227, 450, 2, 3),
(2228, 450, 3, 6),
(2229, 450, 4, 4),
(2230, 450, 5, 4),
(2231, 451, 1, 5),
(2232, 451, 2, 1),
(2233, 451, 3, 1),
(2234, 451, 4, 0),
(2235, 451, 5, 4),
(2236, 452, 1, 3),
(2237, 452, 2, 0),
(2238, 452, 3, 3),
(2239, 452, 4, 5),
(2240, 452, 5, 6),
(2241, 453, 1, 0),
(2242, 453, 2, 6),
(2243, 453, 3, 2),
(2244, 453, 4, 0),
(2245, 453, 5, 3),
(2246, 454, 1, 2),
(2247, 454, 2, 2),
(2248, 454, 3, 3),
(2249, 454, 4, 4),
(2250, 454, 5, 2),
(2251, 455, 1, 1),
(2252, 455, 2, 6),
(2253, 455, 3, 1),
(2254, 455, 4, 6),
(2255, 455, 5, 2),
(2256, 456, 1, 1),
(2257, 456, 2, 3),
(2258, 456, 3, 2),
(2259, 456, 4, 5),
(2260, 456, 5, 0),
(2261, 457, 1, 2),
(2262, 457, 2, 6),
(2263, 457, 3, 2),
(2264, 457, 4, 2),
(2265, 457, 5, 2),
(2266, 458, 1, 1),
(2267, 458, 2, 4),
(2268, 458, 3, 1),
(2269, 458, 4, 6),
(2270, 458, 5, 6),
(2271, 459, 1, 3),
(2272, 459, 2, 0),
(2273, 459, 3, 3),
(2274, 459, 4, 4),
(2275, 459, 5, 4),
(2276, 460, 1, 5),
(2277, 460, 2, 5),
(2278, 460, 3, 3),
(2279, 460, 4, 0),
(2280, 460, 5, 0),
(2281, 461, 1, 6),
(2282, 461, 2, 4),
(2283, 461, 3, 0),
(2284, 461, 4, 2),
(2285, 461, 5, 4),
(2286, 462, 1, 0),
(2287, 462, 2, 5),
(2288, 462, 3, 2),
(2289, 462, 4, 2),
(2290, 462, 5, 2),
(2291, 463, 1, 3),
(2292, 463, 2, 5),
(2293, 463, 3, 2),
(2294, 463, 4, 4),
(2295, 463, 5, 6),
(2296, 464, 1, 5),
(2297, 464, 2, 1),
(2298, 464, 3, 0),
(2299, 464, 4, 4),
(2300, 464, 5, 1),
(2301, 465, 1, 0),
(2302, 465, 2, 6),
(2303, 465, 3, 3),
(2304, 465, 4, 1),
(2305, 465, 5, 4),
(2306, 466, 1, 5),
(2307, 466, 2, 4),
(2308, 466, 3, 3),
(2309, 466, 4, 6),
(2310, 466, 5, 4),
(2311, 467, 1, 2),
(2312, 467, 2, 1),
(2313, 467, 3, 4),
(2314, 467, 4, 6),
(2315, 467, 5, 0),
(2316, 468, 1, 6),
(2317, 468, 2, 6),
(2318, 468, 3, 4),
(2319, 468, 4, 4),
(2320, 468, 5, 5),
(2321, 469, 1, 3),
(2322, 469, 2, 5),
(2323, 469, 3, 4),
(2324, 469, 4, 6),
(2325, 469, 5, 4),
(2326, 470, 1, 6),
(2327, 470, 2, 3),
(2328, 470, 3, 6),
(2329, 470, 4, 6),
(2330, 470, 5, 6),
(2331, 471, 1, 3),
(2332, 471, 2, 6),
(2333, 471, 3, 2),
(2334, 471, 4, 6),
(2335, 471, 5, 4),
(2336, 472, 1, 0),
(2337, 472, 2, 6),
(2338, 472, 3, 3),
(2339, 472, 4, 6),
(2340, 472, 5, 3),
(2341, 473, 1, 6),
(2342, 473, 2, 4),
(2343, 473, 3, 1),
(2344, 473, 4, 6),
(2345, 473, 5, 2),
(2346, 474, 1, 0),
(2347, 474, 2, 5),
(2348, 474, 3, 6),
(2349, 474, 4, 6),
(2350, 474, 5, 2),
(2351, 475, 1, 4),
(2352, 475, 2, 5),
(2353, 475, 3, 1),
(2354, 475, 4, 4),
(2355, 475, 5, 5),
(2356, 476, 1, 1),
(2357, 476, 2, 3),
(2358, 476, 3, 6),
(2359, 476, 4, 4),
(2360, 476, 5, 1),
(2361, 477, 1, 2),
(2362, 477, 2, 1),
(2363, 477, 3, 6),
(2364, 477, 4, 4),
(2365, 477, 5, 0),
(2366, 478, 1, 3),
(2367, 478, 2, 2),
(2368, 478, 3, 5),
(2369, 478, 4, 3),
(2370, 478, 5, 5),
(2371, 479, 1, 6),
(2372, 479, 2, 3),
(2373, 479, 3, 5),
(2374, 479, 4, 5),
(2375, 479, 5, 0),
(2376, 480, 1, 4),
(2377, 480, 2, 2),
(2378, 480, 3, 4),
(2379, 480, 4, 1),
(2380, 480, 5, 4),
(2381, 481, 1, 6),
(2382, 481, 2, 5),
(2383, 481, 3, 0),
(2384, 481, 4, 5),
(2385, 481, 5, 1),
(2386, 482, 1, 4),
(2387, 482, 2, 4),
(2388, 482, 3, 6),
(2389, 482, 4, 6),
(2390, 482, 5, 5),
(2391, 483, 1, 1),
(2392, 483, 2, 5),
(2393, 483, 3, 4),
(2394, 483, 4, 6),
(2395, 483, 5, 6),
(2396, 484, 1, 5),
(2397, 484, 2, 0),
(2398, 484, 3, 5),
(2399, 484, 4, 3),
(2400, 484, 5, 3),
(2401, 485, 1, 5),
(2402, 485, 2, 3),
(2403, 485, 3, 5),
(2404, 485, 4, 0),
(2405, 485, 5, 5),
(2406, 486, 1, 1),
(2407, 486, 2, 2),
(2408, 486, 3, 4),
(2409, 486, 4, 6),
(2410, 486, 5, 1),
(2411, 487, 1, 5),
(2412, 487, 2, 4),
(2413, 487, 3, 6),
(2414, 487, 4, 2),
(2415, 487, 5, 5),
(2416, 488, 1, 3),
(2417, 488, 2, 2),
(2418, 488, 3, 6),
(2419, 488, 4, 0),
(2420, 488, 5, 0),
(2421, 489, 1, 0),
(2422, 489, 2, 3),
(2423, 489, 3, 6),
(2424, 489, 4, 6),
(2425, 489, 5, 3),
(2426, 490, 1, 5),
(2427, 490, 2, 5),
(2428, 490, 3, 4),
(2429, 490, 4, 3),
(2430, 490, 5, 5),
(2431, 491, 1, 5),
(2432, 491, 2, 1),
(2433, 491, 3, 5),
(2434, 491, 4, 5),
(2435, 491, 5, 5),
(2436, 492, 1, 4),
(2437, 492, 2, 0),
(2438, 492, 3, 1),
(2439, 492, 4, 5),
(2440, 492, 5, 1),
(2441, 493, 1, 0),
(2442, 493, 2, 1),
(2443, 493, 3, 0),
(2444, 493, 4, 5),
(2445, 493, 5, 6),
(2446, 494, 1, 4),
(2447, 494, 2, 4),
(2448, 494, 3, 6),
(2449, 494, 4, 1),
(2450, 494, 5, 5),
(2451, 495, 1, 3),
(2452, 495, 2, 3),
(2453, 495, 3, 1),
(2454, 495, 4, 6),
(2455, 495, 5, 5),
(2456, 496, 1, 0),
(2457, 496, 2, 0),
(2458, 496, 3, 0),
(2459, 496, 4, 0),
(2460, 496, 5, 0);

-- --------------------------------------------------------

--
-- Structure de la table `USER_UNCOMPATIBILITY`
--

CREATE TABLE IF NOT EXISTS `USER_UNCOMPATIBILITY` (
  `id` int(11) NOT NULL AUTO_INCREMENT,
  `user_id` int(11) NOT NULL,
  `user_id_uncompatibility` int(11) NOT NULL,
  PRIMARY KEY (`id`),
  UNIQUE KEY `id` (`id`),
  UNIQUE KEY `id_2` (`id`)
) ENGINE=MyISAM  DEFAULT CHARSET=latin1 COLLATE=latin1_general_ci AUTO_INCREMENT=555 ;

--
-- Contenu de la table `USER_UNCOMPATIBILITY`
--

INSERT INTO `USER_UNCOMPATIBILITY` (`id`, `user_id`, `user_id_uncompatibility`) VALUES
(433, 398, 407),
(434, 398, 396),
(435, 398, 467),
(436, 400, 433),
(437, 400, 461),
(438, 401, 427),
(439, 404, 487),
(440, 404, 418),
(441, 404, 472),
(442, 405, 448),
(443, 406, 485),
(444, 406, 494),
(445, 407, 487),
(446, 407, 423),
(447, 409, 449),
(448, 412, 417),
(449, 412, 494),
(450, 412, 400),
(451, 414, 401),
(452, 414, 492),
(453, 416, 434),
(454, 417, 436),
(455, 417, 433),
(456, 418, 459),
(457, 418, 410),
(458, 421, 400),
(459, 421, 410),
(460, 421, 455),
(461, 422, 437),
(462, 422, 478),
(463, 422, 434),
(464, 423, 488),
(465, 423, 450),
(466, 423, 483),
(467, 425, 487),
(468, 428, 427),
(469, 428, 426),
(470, 428, 465),
(471, 429, 465),
(472, 429, 439),
(473, 433, 417),
(474, 433, 422),
(475, 434, 404),
(476, 434, 427),
(477, 434, 399),
(478, 435, 423),
(479, 435, 441),
(480, 436, 461),
(481, 437, 438),
(482, 440, 468),
(483, 442, 491),
(484, 442, 414),
(485, 442, 418),
(486, 444, 488),
(487, 444, 491),
(488, 444, 427),
(489, 447, 473),
(490, 449, 462),
(491, 449, 428),
(492, 450, 466),
(493, 450, 495),
(494, 450, 422),
(495, 452, 487),
(496, 453, 487),
(497, 455, 442),
(498, 455, 479),
(499, 455, 401),
(500, 457, 419),
(501, 457, 455),
(502, 460, 397),
(503, 461, 450),
(504, 463, 427),
(505, 463, 424),
(506, 463, 446),
(507, 464, 456),
(508, 464, 445),
(509, 465, 472),
(510, 466, 404),
(511, 466, 464),
(512, 466, 435),
(513, 468, 420),
(514, 468, 443),
(515, 469, 425),
(516, 469, 480),
(517, 470, 448),
(518, 471, 444),
(519, 472, 491),
(520, 472, 445),
(521, 474, 449),
(522, 475, 477),
(523, 475, 434),
(524, 476, 437),
(525, 476, 484),
(526, 477, 397),
(527, 478, 427),
(528, 478, 406),
(529, 480, 406),
(530, 480, 408),
(531, 481, 453),
(532, 481, 472),
(533, 481, 421),
(534, 482, 415),
(535, 483, 481),
(536, 483, 463),
(537, 484, 476),
(538, 486, 426),
(539, 487, 430),
(540, 487, 407),
(541, 488, 469),
(542, 489, 457),
(543, 489, 434),
(544, 490, 422),
(545, 490, 465),
(546, 490, 401),
(547, 491, 436),
(548, 493, 432),
(549, 493, 469),
(550, 494, 457),
(551, 496, 396),
(552, 496, 396),
(553, 496, 396),
(554, 496, 396);
